<annotation>
	<folder>train</folder>
	<filename>23.jpg</filename>
	<path>D:\Todesk\苹果\data\train\23.jpg</path>
	<source>
		<database>Unknown</database>
	</source>
	<size>
		<width>270</width>
		<height>185</height>
		<depth>3</depth>
	</size>
	<segmented>0</segmented>
	<object>
		<name>apple</name>
		<pose>Unspecified</pose>
		<truncated>0</truncated>
		<difficult>0</difficult>
		<bndbox>
			<xmin>119</xmin>
			<ymin>82</ymin>
			<xmax>230</xmax>
			<ymax>156</ymax>
		</bndbox>
	</object>
</annotation>
