<annotation>
	<folder>train</folder>
	<filename>28.jpg</filename>
	<path>D:\Todesk\苹果\data\train\28.jpg</path>
	<source>
		<database>Unknown</database>
	</source>
	<size>
		<width>270</width>
		<height>185</height>
		<depth>3</depth>
	</size>
	<segmented>0</segmented>
	<object>
		<name>apple</name>
		<pose>Unspecified</pose>
		<truncated>0</truncated>
		<difficult>0</difficult>
		<bndbox>
			<xmin>52</xmin>
			<ymin>65</ymin>
			<xmax>193</xmax>
			<ymax>131</ymax>
		</bndbox>
	</object>
	<object>
		<name>apple</name>
		<pose>Unspecified</pose>
		<truncated>0</truncated>
		<difficult>0</difficult>
		<bndbox>
			<xmin>66</xmin>
			<ymin>100</ymin>
			<xmax>182</xmax>
			<ymax>145</ymax>
		</bndbox>
	</object>
</annotation>
