<annotation>
	<folder>train</folder>
	<filename>37.jpg</filename>
	<path>D:\Todesk\苹果\data\train\37.jpg</path>
	<source>
		<database>Unknown</database>
	</source>
	<size>
		<width>270</width>
		<height>185</height>
		<depth>3</depth>
	</size>
	<segmented>0</segmented>
	<object>
		<name>apple</name>
		<pose>Unspecified</pose>
		<truncated>0</truncated>
		<difficult>0</difficult>
		<bndbox>
			<xmin>62</xmin>
			<ymin>60</ymin>
			<xmax>142</xmax>
			<ymax>140</ymax>
		</bndbox>
	</object>
	<object>
		<name>apple</name>
		<pose>Unspecified</pose>
		<truncated>0</truncated>
		<difficult>0</difficult>
		<bndbox>
			<xmin>108</xmin>
			<ymin>33</ymin>
			<xmax>210</xmax>
			<ymax>122</ymax>
		</bndbox>
	</object>
</annotation>
