<annotation>
	<folder>train</folder>
	<filename>Apple (612).jpg</filename>
	<path>D:\Todesk\苹果\data\train\Apple (612).jpg</path>
	<source>
		<database>Unknown</database>
	</source>
	<size>
		<width>270</width>
		<height>180</height>
		<depth>3</depth>
	</size>
	<segmented>0</segmented>
	<object>
		<name>apple</name>
		<pose>Unspecified</pose>
		<truncated>0</truncated>
		<difficult>0</difficult>
		<bndbox>
			<xmin>48</xmin>
			<ymin>4</ymin>
			<xmax>102</xmax>
			<ymax>64</ymax>
		</bndbox>
	</object>
	<object>
		<name>apple</name>
		<pose>Unspecified</pose>
		<truncated>0</truncated>
		<difficult>0</difficult>
		<bndbox>
			<xmin>86</xmin>
			<ymin>35</ymin>
			<xmax>154</xmax>
			<ymax>99</ymax>
		</bndbox>
	</object>
	<object>
		<name>apple</name>
		<pose>Unspecified</pose>
		<truncated>1</truncated>
		<difficult>0</difficult>
		<bndbox>
			<xmin>135</xmin>
			<ymin>1</ymin>
			<xmax>202</xmax>
			<ymax>57</ymax>
		</bndbox>
	</object>
</annotation>
