<annotation>
	<folder>train</folder>
	<filename>Apple (563).jpg</filename>
	<path>D:\Todesk\苹果\data\train\Apple (563).jpg</path>
	<source>
		<database>Unknown</database>
	</source>
	<size>
		<width>270</width>
		<height>180</height>
		<depth>3</depth>
	</size>
	<segmented>0</segmented>
	<object>
		<name>apple</name>
		<pose>Unspecified</pose>
		<truncated>0</truncated>
		<difficult>0</difficult>
		<bndbox>
			<xmin>117</xmin>
			<ymin>92</ymin>
			<xmax>196</xmax>
			<ymax>170</ymax>
		</bndbox>
	</object>
	<object>
		<name>apple</name>
		<pose>Unspecified</pose>
		<truncated>0</truncated>
		<difficult>0</difficult>
		<bndbox>
			<xmin>191</xmin>
			<ymin>85</ymin>
			<xmax>267</xmax>
			<ymax>171</ymax>
		</bndbox>
	</object>
</annotation>
