<annotation>
	<folder>train</folder>
	<filename>Apple (622).jpg</filename>
	<path>D:\Todesk\苹果\data\train\Apple (622).jpg</path>
	<source>
		<database>Unknown</database>
	</source>
	<size>
		<width>270</width>
		<height>180</height>
		<depth>3</depth>
	</size>
	<segmented>0</segmented>
	<object>
		<name>apple</name>
		<pose>Unspecified</pose>
		<truncated>0</truncated>
		<difficult>0</difficult>
		<bndbox>
			<xmin>108</xmin>
			<ymin>18</ymin>
			<xmax>187</xmax>
			<ymax>76</ymax>
		</bndbox>
	</object>
	<object>
		<name>apple</name>
		<pose>Unspecified</pose>
		<truncated>0</truncated>
		<difficult>0</difficult>
		<bndbox>
			<xmin>149</xmin>
			<ymin>59</ymin>
			<xmax>221</xmax>
			<ymax>120</ymax>
		</bndbox>
	</object>
	<object>
		<name>apple</name>
		<pose>Unspecified</pose>
		<truncated>0</truncated>
		<difficult>0</difficult>
		<bndbox>
			<xmin>77</xmin>
			<ymin>74</ymin>
			<xmax>148</xmax>
			<ymax>136</ymax>
		</bndbox>
	</object>
</annotation>
