<annotation>
	<folder>train</folder>
	<filename>Apple (615).jpg</filename>
	<path>D:\Todesk\苹果\data\train\Apple (615).jpg</path>
	<source>
		<database>Unknown</database>
	</source>
	<size>
		<width>270</width>
		<height>180</height>
		<depth>3</depth>
	</size>
	<segmented>0</segmented>
	<object>
		<name>apple</name>
		<pose>Unspecified</pose>
		<truncated>0</truncated>
		<difficult>0</difficult>
		<bndbox>
			<xmin>119</xmin>
			<ymin>11</ymin>
			<xmax>185</xmax>
			<ymax>74</ymax>
		</bndbox>
	</object>
	<object>
		<name>apple</name>
		<pose>Unspecified</pose>
		<truncated>0</truncated>
		<difficult>0</difficult>
		<bndbox>
			<xmin>144</xmin>
			<ymin>54</ymin>
			<xmax>219</xmax>
			<ymax>121</ymax>
		</bndbox>
	</object>
</annotation>
