<annotation>
	<folder>train</folder>
	<filename>Apple (1).jpg</filename>
	<path>D:\Todesk\苹果\data\train\Apple (1).jpg</path>
	<source>
		<database>Unknown</database>
	</source>
	<size>
		<width>270</width>
		<height>180</height>
		<depth>3</depth>
	</size>
	<segmented>0</segmented>
	<object>
		<name>pear</name>
		<pose>Unspecified</pose>
		<truncated>1</truncated>
		<difficult>0</difficult>
		<bndbox>
			<xmin>95</xmin>
			<ymin>1</ymin>
			<xmax>154</xmax>
			<ymax>33</ymax>
		</bndbox>
	</object>
	<object>
		<name>apple</name>
		<pose>Unspecified</pose>
		<truncated>0</truncated>
		<difficult>0</difficult>
		<bndbox>
			<xmin>89</xmin>
			<ymin>26</ymin>
			<xmax>149</xmax>
			<ymax>76</ymax>
		</bndbox>
	</object>
</annotation>
