<annotation>
	<folder>train</folder>
	<filename>Apple (598).jpg</filename>
	<path>D:\Todesk\苹果\data\train\Apple (598).jpg</path>
	<source>
		<database>Unknown</database>
	</source>
	<size>
		<width>270</width>
		<height>180</height>
		<depth>3</depth>
	</size>
	<segmented>0</segmented>
	<object>
		<name>apple</name>
		<pose>Unspecified</pose>
		<truncated>0</truncated>
		<difficult>0</difficult>
		<bndbox>
			<xmin>81</xmin>
			<ymin>52</ymin>
			<xmax>155</xmax>
			<ymax>127</ymax>
		</bndbox>
	</object>
	<object>
		<name>apple</name>
		<pose>Unspecified</pose>
		<truncated>0</truncated>
		<difficult>0</difficult>
		<bndbox>
			<xmin>150</xmin>
			<ymin>6</ymin>
			<xmax>217</xmax>
			<ymax>65</ymax>
		</bndbox>
	</object>
</annotation>
