<annotation>
	<folder>train</folder>
	<filename>Apple (579).jpg</filename>
	<path>D:\Todesk\苹果\data\train\Apple (579).jpg</path>
	<source>
		<database>Unknown</database>
	</source>
	<size>
		<width>270</width>
		<height>180</height>
		<depth>3</depth>
	</size>
	<segmented>0</segmented>
	<object>
		<name>apple</name>
		<pose>Unspecified</pose>
		<truncated>0</truncated>
		<difficult>0</difficult>
		<bndbox>
			<xmin>97</xmin>
			<ymin>100</ymin>
			<xmax>170</xmax>
			<ymax>169</ymax>
		</bndbox>
	</object>
</annotation>
