<annotation>
	<folder>train</folder>
	<filename>Apple (626).jpg</filename>
	<path>D:\Todesk\苹果\data\train\Apple (626).jpg</path>
	<source>
		<database>Unknown</database>
	</source>
	<size>
		<width>270</width>
		<height>180</height>
		<depth>3</depth>
	</size>
	<segmented>0</segmented>
	<object>
		<name>apple</name>
		<pose>Unspecified</pose>
		<truncated>0</truncated>
		<difficult>0</difficult>
		<bndbox>
			<xmin>111</xmin>
			<ymin>17</ymin>
			<xmax>175</xmax>
			<ymax>79</ymax>
		</bndbox>
	</object>
	<object>
		<name>apple</name>
		<pose>Unspecified</pose>
		<truncated>0</truncated>
		<difficult>0</difficult>
		<bndbox>
			<xmin>119</xmin>
			<ymin>81</ymin>
			<xmax>184</xmax>
			<ymax>147</ymax>
		</bndbox>
	</object>
</annotation>
