<annotation>
	<folder>images</folder>
	<filename>Apple (584).jpg</filename>
	<path>D:\test\val\images\Apple (584).jpg</path>
	<source>
		<database>Unknown</database>
	</source>
	<size>
		<width>270</width>
		<height>180</height>
		<depth>3</depth>
	</size>
	<segmented>0</segmented>
	<object>
		<name>apple</name>
		<pose>Unspecified</pose>
		<truncated>0</truncated>
		<difficult>0</difficult>
		<bndbox>
			<xmin>88</xmin>
			<ymin>37</ymin>
			<xmax>188</xmax>
			<ymax>115</ymax>
		</bndbox>
	</object>
</annotation>
