<annotation>
	<folder>train</folder>
	<filename>Apple (620).jpg</filename>
	<path>D:\Todesk\苹果\data\train\Apple (620).jpg</path>
	<source>
		<database>Unknown</database>
	</source>
	<size>
		<width>270</width>
		<height>180</height>
		<depth>3</depth>
	</size>
	<segmented>0</segmented>
	<object>
		<name>apple</name>
		<pose>Unspecified</pose>
		<truncated>0</truncated>
		<difficult>0</difficult>
		<bndbox>
			<xmin>109</xmin>
			<ymin>16</ymin>
			<xmax>172</xmax>
			<ymax>77</ymax>
		</bndbox>
	</object>
	<object>
		<name>apple</name>
		<pose>Unspecified</pose>
		<truncated>0</truncated>
		<difficult>0</difficult>
		<bndbox>
			<xmin>102</xmin>
			<ymin>72</ymin>
			<xmax>179</xmax>
			<ymax>127</ymax>
		</bndbox>
	</object>
</annotation>
