<annotation>
	<folder>train</folder>
	<filename>Apple (558).jpg</filename>
	<path>D:\Todesk\苹果\data\train\Apple (558).jpg</path>
	<source>
		<database>Unknown</database>
	</source>
	<size>
		<width>270</width>
		<height>180</height>
		<depth>3</depth>
	</size>
	<segmented>0</segmented>
	<object>
		<name>apple</name>
		<pose>Unspecified</pose>
		<truncated>0</truncated>
		<difficult>0</difficult>
		<bndbox>
			<xmin>116</xmin>
			<ymin>91</ymin>
			<xmax>196</xmax>
			<ymax>173</ymax>
		</bndbox>
	</object>
	<object>
		<name>apple</name>
		<pose>Unspecified</pose>
		<truncated>0</truncated>
		<difficult>0</difficult>
		<bndbox>
			<xmin>187</xmin>
			<ymin>88</ymin>
			<xmax>269</xmax>
			<ymax>166</ymax>
		</bndbox>
	</object>
</annotation>
