<annotation>
	<folder>train</folder>
	<filename>Carambola (299).jpg</filename>
	<path>D:\Todesk\苹果\data\train\Carambola (299).jpg</path>
	<source>
		<database>Unknown</database>
	</source>
	<size>
		<width>270</width>
		<height>180</height>
		<depth>3</depth>
	</size>
	<segmented>0</segmented>
	<object>
		<name>plum</name>
		<pose>Unspecified</pose>
		<truncated>0</truncated>
		<difficult>0</difficult>
		<bndbox>
			<xmin>86</xmin>
			<ymin>38</ymin>
			<xmax>164</xmax>
			<ymax>137</ymax>
		</bndbox>
	</object>
	<object>
		<name>plum</name>
		<pose>Unspecified</pose>
		<truncated>0</truncated>
		<difficult>0</difficult>
		<bndbox>
			<xmin>166</xmin>
			<ymin>29</ymin>
			<xmax>247</xmax>
			<ymax>139</ymax>
		</bndbox>
	</object>
	<object>
		<name>plum</name>
		<pose>Unspecified</pose>
		<truncated>0</truncated>
		<difficult>0</difficult>
		<bndbox>
			<xmin>17</xmin>
			<ymin>70</ymin>
			<xmax>107</xmax>
			<ymax>173</ymax>
		</bndbox>
	</object>
</annotation>
