<annotation>
	<folder>train</folder>
	<filename>Carambola (56).jpg</filename>
	<path>D:\Todesk\苹果\data\train\Carambola (56).jpg</path>
	<source>
		<database>Unknown</database>
	</source>
	<size>
		<width>270</width>
		<height>180</height>
		<depth>3</depth>
	</size>
	<segmented>0</segmented>
	<object>
		<name>plum</name>
		<pose>Unspecified</pose>
		<truncated>0</truncated>
		<difficult>0</difficult>
		<bndbox>
			<xmin>53</xmin>
			<ymin>14</ymin>
			<xmax>124</xmax>
			<ymax>91</ymax>
		</bndbox>
	</object>
	<object>
		<name>plum</name>
		<pose>Unspecified</pose>
		<truncated>0</truncated>
		<difficult>0</difficult>
		<bndbox>
			<xmin>115</xmin>
			<ymin>31</ymin>
			<xmax>170</xmax>
			<ymax>114</ymax>
		</bndbox>
	</object>
	<object>
		<name>plum</name>
		<pose>Unspecified</pose>
		<truncated>0</truncated>
		<difficult>0</difficult>
		<bndbox>
			<xmin>150</xmin>
			<ymin>67</ymin>
			<xmax>238</xmax>
			<ymax>129</ymax>
		</bndbox>
	</object>
</annotation>
