<annotation>
	<folder>train</folder>
	<filename>Carambola (90).jpg</filename>
	<path>D:\Todesk\苹果\data\train\Carambola (90).jpg</path>
	<source>
		<database>Unknown</database>
	</source>
	<size>
		<width>270</width>
		<height>180</height>
		<depth>3</depth>
	</size>
	<segmented>0</segmented>
	<object>
		<name>plum</name>
		<pose>Unspecified</pose>
		<truncated>0</truncated>
		<difficult>0</difficult>
		<bndbox>
			<xmin>67</xmin>
			<ymin>41</ymin>
			<xmax>129</xmax>
			<ymax>131</ymax>
		</bndbox>
	</object>
	<object>
		<name>plum</name>
		<pose>Unspecified</pose>
		<truncated>0</truncated>
		<difficult>0</difficult>
		<bndbox>
			<xmin>122</xmin>
			<ymin>29</ymin>
			<xmax>207</xmax>
			<ymax>102</ymax>
		</bndbox>
	</object>
	<object>
		<name>plum</name>
		<pose>Unspecified</pose>
		<truncated>0</truncated>
		<difficult>0</difficult>
		<bndbox>
			<xmin>142</xmin>
			<ymin>100</ymin>
			<xmax>246</xmax>
			<ymax>164</ymax>
		</bndbox>
	</object>
</annotation>
