<annotation>
	<folder>train</folder>
	<filename>Carambola (76).jpg</filename>
	<path>D:\Todesk\苹果\data\train\Carambola (76).jpg</path>
	<source>
		<database>Unknown</database>
	</source>
	<size>
		<width>270</width>
		<height>180</height>
		<depth>3</depth>
	</size>
	<segmented>0</segmented>
	<object>
		<name>plum</name>
		<pose>Unspecified</pose>
		<truncated>0</truncated>
		<difficult>0</difficult>
		<bndbox>
			<xmin>65</xmin>
			<ymin>36</ymin>
			<xmax>132</xmax>
			<ymax>130</ymax>
		</bndbox>
	</object>
	<object>
		<name>plum</name>
		<pose>Unspecified</pose>
		<truncated>0</truncated>
		<difficult>0</difficult>
		<bndbox>
			<xmin>132</xmin>
			<ymin>38</ymin>
			<xmax>237</xmax>
			<ymax>99</ymax>
		</bndbox>
	</object>
	<object>
		<name>plum</name>
		<pose>Unspecified</pose>
		<truncated>0</truncated>
		<difficult>0</difficult>
		<bndbox>
			<xmin>156</xmin>
			<ymin>95</ymin>
			<xmax>266</xmax>
			<ymax>160</ymax>
		</bndbox>
	</object>
</annotation>
