<annotation>
	<folder>train</folder>
	<filename>Carambola (26).jpg</filename>
	<path>D:\Todesk\苹果\data\train\Carambola (26).jpg</path>
	<source>
		<database>Unknown</database>
	</source>
	<size>
		<width>270</width>
		<height>180</height>
		<depth>3</depth>
	</size>
	<segmented>0</segmented>
	<object>
		<name>plum</name>
		<pose>Unspecified</pose>
		<truncated>0</truncated>
		<difficult>0</difficult>
		<bndbox>
			<xmin>71</xmin>
			<ymin>30</ymin>
			<xmax>142</xmax>
			<ymax>122</ymax>
		</bndbox>
	</object>
	<object>
		<name>plum</name>
		<pose>Unspecified</pose>
		<truncated>0</truncated>
		<difficult>0</difficult>
		<bndbox>
			<xmin>142</xmin>
			<ymin>43</ymin>
			<xmax>212</xmax>
			<ymax>112</ymax>
		</bndbox>
	</object>
	<object>
		<name>plum</name>
		<pose>Unspecified</pose>
		<truncated>1</truncated>
		<difficult>0</difficult>
		<bndbox>
			<xmin>116</xmin>
			<ymin>101</ymin>
			<xmax>190</xmax>
			<ymax>180</ymax>
		</bndbox>
	</object>
</annotation>
