<annotation>
	<folder>train</folder>
	<filename>Carambola (74).jpg</filename>
	<path>D:\Todesk\苹果\data\train\Carambola (74).jpg</path>
	<source>
		<database>Unknown</database>
	</source>
	<size>
		<width>270</width>
		<height>180</height>
		<depth>3</depth>
	</size>
	<segmented>0</segmented>
	<object>
		<name>plum</name>
		<pose>Unspecified</pose>
		<truncated>0</truncated>
		<difficult>0</difficult>
		<bndbox>
			<xmin>61</xmin>
			<ymin>38</ymin>
			<xmax>132</xmax>
			<ymax>126</ymax>
		</bndbox>
	</object>
	<object>
		<name>plum</name>
		<pose>Unspecified</pose>
		<truncated>0</truncated>
		<difficult>0</difficult>
		<bndbox>
			<xmin>136</xmin>
			<ymin>34</ymin>
			<xmax>233</xmax>
			<ymax>101</ymax>
		</bndbox>
	</object>
	<object>
		<name>plum</name>
		<pose>Unspecified</pose>
		<truncated>0</truncated>
		<difficult>0</difficult>
		<bndbox>
			<xmin>151</xmin>
			<ymin>98</ymin>
			<xmax>261</xmax>
			<ymax>163</ymax>
		</bndbox>
	</object>
</annotation>
