<annotation>
	<folder>train</folder>
	<filename>Carambola (79).jpg</filename>
	<path>D:\Todesk\苹果\data\train\Carambola (79).jpg</path>
	<source>
		<database>Unknown</database>
	</source>
	<size>
		<width>270</width>
		<height>180</height>
		<depth>3</depth>
	</size>
	<segmented>0</segmented>
	<object>
		<name>plum</name>
		<pose>Unspecified</pose>
		<truncated>0</truncated>
		<difficult>0</difficult>
		<bndbox>
			<xmin>60</xmin>
			<ymin>39</ymin>
			<xmax>136</xmax>
			<ymax>134</ymax>
		</bndbox>
	</object>
	<object>
		<name>plum</name>
		<pose>Unspecified</pose>
		<truncated>0</truncated>
		<difficult>0</difficult>
		<bndbox>
			<xmin>129</xmin>
			<ymin>9</ymin>
			<xmax>228</xmax>
			<ymax>65</ymax>
		</bndbox>
	</object>
	<object>
		<name>plum</name>
		<pose>Unspecified</pose>
		<truncated>0</truncated>
		<difficult>0</difficult>
		<bndbox>
			<xmin>154</xmin>
			<ymin>63</ymin>
			<xmax>262</xmax>
			<ymax>119</ymax>
		</bndbox>
	</object>
</annotation>
