<annotation>
	<folder>train</folder>
	<filename>Carambola (7).jpg</filename>
	<path>D:\Todesk\苹果\data\train\Carambola (7).jpg</path>
	<source>
		<database>Unknown</database>
	</source>
	<size>
		<width>270</width>
		<height>180</height>
		<depth>3</depth>
	</size>
	<segmented>0</segmented>
	<object>
		<name>plum</name>
		<pose>Unspecified</pose>
		<truncated>0</truncated>
		<difficult>0</difficult>
		<bndbox>
			<xmin>43</xmin>
			<ymin>50</ymin>
			<xmax>123</xmax>
			<ymax>151</ymax>
		</bndbox>
	</object>
	<object>
		<name>plum</name>
		<pose>Unspecified</pose>
		<truncated>0</truncated>
		<difficult>0</difficult>
		<bndbox>
			<xmin>114</xmin>
			<ymin>23</ymin>
			<xmax>195</xmax>
			<ymax>108</ymax>
		</bndbox>
	</object>
	<object>
		<name>plum</name>
		<pose>Unspecified</pose>
		<truncated>1</truncated>
		<difficult>0</difficult>
		<bndbox>
			<xmin>177</xmin>
			<ymin>80</ymin>
			<xmax>270</xmax>
			<ymax>147</ymax>
		</bndbox>
	</object>
</annotation>
