<annotation>
	<folder>train</folder>
	<filename>Carambola (14).jpg</filename>
	<path>D:\Todesk\苹果\data\train\Carambola (14).jpg</path>
	<source>
		<database>Unknown</database>
	</source>
	<size>
		<width>270</width>
		<height>180</height>
		<depth>3</depth>
	</size>
	<segmented>0</segmented>
	<object>
		<name>plum</name>
		<pose>Unspecified</pose>
		<truncated>0</truncated>
		<difficult>0</difficult>
		<bndbox>
			<xmin>95</xmin>
			<ymin>18</ymin>
			<xmax>186</xmax>
			<ymax>79</ymax>
		</bndbox>
	</object>
	<object>
		<name>plum</name>
		<pose>Unspecified</pose>
		<truncated>0</truncated>
		<difficult>0</difficult>
		<bndbox>
			<xmin>115</xmin>
			<ymin>75</ymin>
			<xmax>186</xmax>
			<ymax>135</ymax>
		</bndbox>
	</object>
	<object>
		<name>plum</name>
		<pose>Unspecified</pose>
		<truncated>0</truncated>
		<difficult>0</difficult>
		<bndbox>
			<xmin>181</xmin>
			<ymin>62</ymin>
			<xmax>263</xmax>
			<ymax>152</ymax>
		</bndbox>
	</object>
</annotation>
