<annotation>
	<folder>train</folder>
	<filename>Carambola (44).jpg</filename>
	<path>D:\Todesk\苹果\data\train\Carambola (44).jpg</path>
	<source>
		<database>Unknown</database>
	</source>
	<size>
		<width>270</width>
		<height>180</height>
		<depth>3</depth>
	</size>
	<segmented>0</segmented>
	<object>
		<name>plum</name>
		<pose>Unspecified</pose>
		<truncated>0</truncated>
		<difficult>0</difficult>
		<bndbox>
			<xmin>132</xmin>
			<ymin>14</ymin>
			<xmax>196</xmax>
			<ymax>72</ymax>
		</bndbox>
	</object>
	<object>
		<name>plum</name>
		<pose>Unspecified</pose>
		<truncated>0</truncated>
		<difficult>0</difficult>
		<bndbox>
			<xmin>147</xmin>
			<ymin>66</ymin>
			<xmax>205</xmax>
			<ymax>116</ymax>
		</bndbox>
	</object>
	<object>
		<name>plum</name>
		<pose>Unspecified</pose>
		<truncated>1</truncated>
		<difficult>0</difficult>
		<bndbox>
			<xmin>115</xmin>
			<ymin>99</ymin>
			<xmax>188</xmax>
			<ymax>180</ymax>
		</bndbox>
	</object>
</annotation>
