<annotation>
	<folder>train</folder>
	<filename>Carambola (302).jpg</filename>
	<path>D:\Todesk\苹果\data\train\Carambola (302).jpg</path>
	<source>
		<database>Unknown</database>
	</source>
	<size>
		<width>270</width>
		<height>180</height>
		<depth>3</depth>
	</size>
	<segmented>0</segmented>
	<object>
		<name>plum</name>
		<pose>Unspecified</pose>
		<truncated>0</truncated>
		<difficult>0</difficult>
		<bndbox>
			<xmin>27</xmin>
			<ymin>17</ymin>
			<xmax>137</xmax>
			<ymax>90</ymax>
		</bndbox>
	</object>
	<object>
		<name>plum</name>
		<pose>Unspecified</pose>
		<truncated>1</truncated>
		<difficult>0</difficult>
		<bndbox>
			<xmin>170</xmin>
			<ymin>30</ymin>
			<xmax>270</xmax>
			<ymax>114</ymax>
		</bndbox>
	</object>
	<object>
		<name>plum</name>
		<pose>Unspecified</pose>
		<truncated>0</truncated>
		<difficult>0</difficult>
		<bndbox>
			<xmin>31</xmin>
			<ymin>91</ymin>
			<xmax>148</xmax>
			<ymax>160</ymax>
		</bndbox>
	</object>
</annotation>
