<annotation>
	<folder>train</folder>
	<filename>Carambola (35).jpg</filename>
	<path>D:\Todesk\苹果\data\train\Carambola (35).jpg</path>
	<source>
		<database>Unknown</database>
	</source>
	<size>
		<width>270</width>
		<height>180</height>
		<depth>3</depth>
	</size>
	<segmented>0</segmented>
	<object>
		<name>plum</name>
		<pose>Unspecified</pose>
		<truncated>0</truncated>
		<difficult>0</difficult>
		<bndbox>
			<xmin>25</xmin>
			<ymin>6</ymin>
			<xmax>118</xmax>
			<ymax>55</ymax>
		</bndbox>
	</object>
	<object>
		<name>plum</name>
		<pose>Unspecified</pose>
		<truncated>0</truncated>
		<difficult>0</difficult>
		<bndbox>
			<xmin>88</xmin>
			<ymin>71</ymin>
			<xmax>164</xmax>
			<ymax>152</ymax>
		</bndbox>
	</object>
	<object>
		<name>plum</name>
		<pose>Unspecified</pose>
		<truncated>0</truncated>
		<difficult>0</difficult>
		<bndbox>
			<xmin>159</xmin>
			<ymin>34</ymin>
			<xmax>253</xmax>
			<ymax>91</ymax>
		</bndbox>
	</object>
</annotation>
