<annotation>
	<folder>train</folder>
	<filename>Carambola (43).jpg</filename>
	<path>D:\Todesk\苹果\data\train\Carambola (43).jpg</path>
	<source>
		<database>Unknown</database>
	</source>
	<size>
		<width>270</width>
		<height>180</height>
		<depth>3</depth>
	</size>
	<segmented>0</segmented>
	<object>
		<name>plum</name>
		<pose>Unspecified</pose>
		<truncated>0</truncated>
		<difficult>0</difficult>
		<bndbox>
			<xmin>130</xmin>
			<ymin>14</ymin>
			<xmax>197</xmax>
			<ymax>73</ymax>
		</bndbox>
	</object>
	<object>
		<name>plum</name>
		<pose>Unspecified</pose>
		<truncated>0</truncated>
		<difficult>0</difficult>
		<bndbox>
			<xmin>148</xmin>
			<ymin>67</ymin>
			<xmax>213</xmax>
			<ymax>116</ymax>
		</bndbox>
	</object>
	<object>
		<name>plum</name>
		<pose>Unspecified</pose>
		<truncated>0</truncated>
		<difficult>0</difficult>
		<bndbox>
			<xmin>115</xmin>
			<ymin>101</ymin>
			<xmax>193</xmax>
			<ymax>177</ymax>
		</bndbox>
	</object>
</annotation>
