<annotation>
	<folder>train</folder>
	<filename>Carambola (18).jpg</filename>
	<path>D:\Todesk\苹果\data\train\Carambola (18).jpg</path>
	<source>
		<database>Unknown</database>
	</source>
	<size>
		<width>270</width>
		<height>180</height>
		<depth>3</depth>
	</size>
	<segmented>0</segmented>
	<object>
		<name>plum</name>
		<pose>Unspecified</pose>
		<truncated>0</truncated>
		<difficult>0</difficult>
		<bndbox>
			<xmin>145</xmin>
			<ymin>20</ymin>
			<xmax>202</xmax>
			<ymax>86</ymax>
		</bndbox>
	</object>
	<object>
		<name>plum</name>
		<pose>Unspecified</pose>
		<truncated>0</truncated>
		<difficult>0</difficult>
		<bndbox>
			<xmin>108</xmin>
			<ymin>75</ymin>
			<xmax>176</xmax>
			<ymax>134</ymax>
		</bndbox>
	</object>
	<object>
		<name>plum</name>
		<pose>Unspecified</pose>
		<truncated>0</truncated>
		<difficult>0</difficult>
		<bndbox>
			<xmin>187</xmin>
			<ymin>67</ymin>
			<xmax>254</xmax>
			<ymax>151</ymax>
		</bndbox>
	</object>
</annotation>
