<annotation>
	<folder>train</folder>
	<filename>Carambola (10).jpg</filename>
	<path>D:\Todesk\苹果\data\train\Carambola (10).jpg</path>
	<source>
		<database>Unknown</database>
	</source>
	<size>
		<width>270</width>
		<height>180</height>
		<depth>3</depth>
	</size>
	<segmented>0</segmented>
	<object>
		<name>plum</name>
		<pose>Unspecified</pose>
		<truncated>0</truncated>
		<difficult>0</difficult>
		<bndbox>
			<xmin>40</xmin>
			<ymin>53</ymin>
			<xmax>119</xmax>
			<ymax>144</ymax>
		</bndbox>
	</object>
	<object>
		<name>plum</name>
		<pose>Unspecified</pose>
		<truncated>0</truncated>
		<difficult>0</difficult>
		<bndbox>
			<xmin>86</xmin>
			<ymin>15</ymin>
			<xmax>171</xmax>
			<ymax>96</ymax>
		</bndbox>
	</object>
	<object>
		<name>plum</name>
		<pose>Unspecified</pose>
		<truncated>0</truncated>
		<difficult>0</difficult>
		<bndbox>
			<xmin>190</xmin>
			<ymin>58</ymin>
			<xmax>261</xmax>
			<ymax>153</ymax>
		</bndbox>
	</object>
</annotation>
