<annotation>
	<folder>train</folder>
	<filename>Carambola (4).jpg</filename>
	<path>D:\Todesk\苹果\data\train\Carambola (4).jpg</path>
	<source>
		<database>Unknown</database>
	</source>
	<size>
		<width>270</width>
		<height>180</height>
		<depth>3</depth>
	</size>
	<segmented>0</segmented>
	<object>
		<name>plum</name>
		<pose>Unspecified</pose>
		<truncated>0</truncated>
		<difficult>0</difficult>
		<bndbox>
			<xmin>41</xmin>
			<ymin>53</ymin>
			<xmax>119</xmax>
			<ymax>139</ymax>
		</bndbox>
	</object>
	<object>
		<name>plum</name>
		<pose>Unspecified</pose>
		<truncated>0</truncated>
		<difficult>0</difficult>
		<bndbox>
			<xmin>129</xmin>
			<ymin>35</ymin>
			<xmax>201</xmax>
			<ymax>110</ymax>
		</bndbox>
	</object>
	<object>
		<name>plum</name>
		<pose>Unspecified</pose>
		<truncated>1</truncated>
		<difficult>0</difficult>
		<bndbox>
			<xmin>181</xmin>
			<ymin>83</ymin>
			<xmax>270</xmax>
			<ymax>157</ymax>
		</bndbox>
	</object>
</annotation>
