<annotation>
	<folder>train</folder>
	<filename>Carambola (21).jpg</filename>
	<path>D:\Todesk\苹果\data\train\Carambola (21).jpg</path>
	<source>
		<database>Unknown</database>
	</source>
	<size>
		<width>270</width>
		<height>180</height>
		<depth>3</depth>
	</size>
	<segmented>0</segmented>
	<object>
		<name>plum</name>
		<pose>Unspecified</pose>
		<truncated>0</truncated>
		<difficult>0</difficult>
		<bndbox>
			<xmin>134</xmin>
			<ymin>37</ymin>
			<xmax>198</xmax>
			<ymax>89</ymax>
		</bndbox>
	</object>
	<object>
		<name>plum</name>
		<pose>Unspecified</pose>
		<truncated>0</truncated>
		<difficult>0</difficult>
		<bndbox>
			<xmin>113</xmin>
			<ymin>76</ymin>
			<xmax>179</xmax>
			<ymax>134</ymax>
		</bndbox>
	</object>
	<object>
		<name>plum</name>
		<pose>Unspecified</pose>
		<truncated>0</truncated>
		<difficult>0</difficult>
		<bndbox>
			<xmin>187</xmin>
			<ymin>67</ymin>
			<xmax>250</xmax>
			<ymax>154</ymax>
		</bndbox>
	</object>
</annotation>
