<annotation>
	<folder>train</folder>
	<filename>Carambola (22).jpg</filename>
	<path>D:\Todesk\苹果\data\train\Carambola (22).jpg</path>
	<source>
		<database>Unknown</database>
	</source>
	<size>
		<width>270</width>
		<height>180</height>
		<depth>3</depth>
	</size>
	<segmented>0</segmented>
	<object>
		<name>plum</name>
		<pose>Unspecified</pose>
		<truncated>0</truncated>
		<difficult>0</difficult>
		<bndbox>
			<xmin>139</xmin>
			<ymin>36</ymin>
			<xmax>195</xmax>
			<ymax>88</ymax>
		</bndbox>
	</object>
	<object>
		<name>plum</name>
		<pose>Unspecified</pose>
		<truncated>0</truncated>
		<difficult>0</difficult>
		<bndbox>
			<xmin>112</xmin>
			<ymin>79</ymin>
			<xmax>178</xmax>
			<ymax>137</ymax>
		</bndbox>
	</object>
	<object>
		<name>plum</name>
		<pose>Unspecified</pose>
		<truncated>0</truncated>
		<difficult>0</difficult>
		<bndbox>
			<xmin>203</xmin>
			<ymin>50</ymin>
			<xmax>269</xmax>
			<ymax>119</ymax>
		</bndbox>
	</object>
</annotation>
