<annotation>
	<folder>train</folder>
	<filename>Carambola (37).jpg</filename>
	<path>D:\Todesk\苹果\data\train\Carambola (37).jpg</path>
	<source>
		<database>Unknown</database>
	</source>
	<size>
		<width>270</width>
		<height>180</height>
		<depth>3</depth>
	</size>
	<segmented>0</segmented>
	<object>
		<name>plum</name>
		<pose>Unspecified</pose>
		<truncated>0</truncated>
		<difficult>0</difficult>
		<bndbox>
			<xmin>68</xmin>
			<ymin>55</ymin>
			<xmax>146</xmax>
			<ymax>131</ymax>
		</bndbox>
	</object>
	<object>
		<name>plum</name>
		<pose>Unspecified</pose>
		<truncated>0</truncated>
		<difficult>0</difficult>
		<bndbox>
			<xmin>136</xmin>
			<ymin>46</ymin>
			<xmax>209</xmax>
			<ymax>108</ymax>
		</bndbox>
	</object>
	<object>
		<name>plum</name>
		<pose>Unspecified</pose>
		<truncated>1</truncated>
		<difficult>0</difficult>
		<bndbox>
			<xmin>117</xmin>
			<ymin>107</ymin>
			<xmax>191</xmax>
			<ymax>180</ymax>
		</bndbox>
	</object>
</annotation>
