<annotation>
	<folder>train</folder>
	<filename>Carambola (62).jpg</filename>
	<path>D:\Todesk\苹果\data\train\Carambola (62).jpg</path>
	<source>
		<database>Unknown</database>
	</source>
	<size>
		<width>270</width>
		<height>180</height>
		<depth>3</depth>
	</size>
	<segmented>0</segmented>
	<object>
		<name>plum</name>
		<pose>Unspecified</pose>
		<truncated>0</truncated>
		<difficult>0</difficult>
		<bndbox>
			<xmin>48</xmin>
			<ymin>21</ymin>
			<xmax>110</xmax>
			<ymax>108</ymax>
		</bndbox>
	</object>
	<object>
		<name>plum</name>
		<pose>Unspecified</pose>
		<truncated>0</truncated>
		<difficult>0</difficult>
		<bndbox>
			<xmin>86</xmin>
			<ymin>63</ymin>
			<xmax>154</xmax>
			<ymax>154</ymax>
		</bndbox>
	</object>
	<object>
		<name>plum</name>
		<pose>Unspecified</pose>
		<truncated>0</truncated>
		<difficult>0</difficult>
		<bndbox>
			<xmin>117</xmin>
			<ymin>15</ymin>
			<xmax>197</xmax>
			<ymax>82</ymax>
		</bndbox>
	</object>
</annotation>
