<annotation>
	<folder>train</folder>
	<filename>Carambola (58).jpg</filename>
	<path>D:\Todesk\苹果\data\train\Carambola (58).jpg</path>
	<source>
		<database>Unknown</database>
	</source>
	<size>
		<width>270</width>
		<height>180</height>
		<depth>3</depth>
	</size>
	<segmented>0</segmented>
	<object>
		<name>plum</name>
		<pose>Unspecified</pose>
		<truncated>0</truncated>
		<difficult>0</difficult>
		<bndbox>
			<xmin>50</xmin>
			<ymin>18</ymin>
			<xmax>125</xmax>
			<ymax>96</ymax>
		</bndbox>
	</object>
	<object>
		<name>plum</name>
		<pose>Unspecified</pose>
		<truncated>0</truncated>
		<difficult>0</difficult>
		<bndbox>
			<xmin>106</xmin>
			<ymin>12</ymin>
			<xmax>204</xmax>
			<ymax>88</ymax>
		</bndbox>
	</object>
	<object>
		<name>plum</name>
		<pose>Unspecified</pose>
		<truncated>0</truncated>
		<difficult>0</difficult>
		<bndbox>
			<xmin>136</xmin>
			<ymin>43</ymin>
			<xmax>232</xmax>
			<ymax>110</ymax>
		</bndbox>
	</object>
</annotation>
