<annotation>
	<folder>train</folder>
	<filename>Carambola (52).jpg</filename>
	<path>D:\Todesk\苹果\data\train\Carambola (52).jpg</path>
	<source>
		<database>Unknown</database>
	</source>
	<size>
		<width>270</width>
		<height>180</height>
		<depth>3</depth>
	</size>
	<segmented>0</segmented>
	<object>
		<name>plum</name>
		<pose>Unspecified</pose>
		<truncated>0</truncated>
		<difficult>0</difficult>
		<bndbox>
			<xmin>51</xmin>
			<ymin>16</ymin>
			<xmax>127</xmax>
			<ymax>97</ymax>
		</bndbox>
	</object>
	<object>
		<name>plum</name>
		<pose>Unspecified</pose>
		<truncated>0</truncated>
		<difficult>0</difficult>
		<bndbox>
			<xmin>111</xmin>
			<ymin>29</ymin>
			<xmax>172</xmax>
			<ymax>121</ymax>
		</bndbox>
	</object>
	<object>
		<name>plum</name>
		<pose>Unspecified</pose>
		<truncated>0</truncated>
		<difficult>0</difficult>
		<bndbox>
			<xmin>150</xmin>
			<ymin>26</ymin>
			<xmax>239</xmax>
			<ymax>95</ymax>
		</bndbox>
	</object>
</annotation>
