<annotation>
	<folder>train</folder>
	<filename>Carambola (63).jpg</filename>
	<path>D:\Todesk\苹果\data\train\Carambola (63).jpg</path>
	<source>
		<database>Unknown</database>
	</source>
	<size>
		<width>270</width>
		<height>180</height>
		<depth>3</depth>
	</size>
	<segmented>0</segmented>
	<object>
		<name>plum</name>
		<pose>Unspecified</pose>
		<truncated>0</truncated>
		<difficult>0</difficult>
		<bndbox>
			<xmin>46</xmin>
			<ymin>22</ymin>
			<xmax>111</xmax>
			<ymax>112</ymax>
		</bndbox>
	</object>
	<object>
		<name>plum</name>
		<pose>Unspecified</pose>
		<truncated>0</truncated>
		<difficult>0</difficult>
		<bndbox>
			<xmin>86</xmin>
			<ymin>62</ymin>
			<xmax>154</xmax>
			<ymax>157</ymax>
		</bndbox>
	</object>
	<object>
		<name>plum</name>
		<pose>Unspecified</pose>
		<truncated>0</truncated>
		<difficult>0</difficult>
		<bndbox>
			<xmin>117</xmin>
			<ymin>17</ymin>
			<xmax>190</xmax>
			<ymax>80</ymax>
		</bndbox>
	</object>
</annotation>
