<annotation>
	<folder>train</folder>
	<filename>Carambola (308).jpg</filename>
	<path>D:\Todesk\苹果\data\train\Carambola (308).jpg</path>
	<source>
		<database>Unknown</database>
	</source>
	<size>
		<width>270</width>
		<height>180</height>
		<depth>3</depth>
	</size>
	<segmented>0</segmented>
	<object>
		<name>plum</name>
		<pose>Unspecified</pose>
		<truncated>0</truncated>
		<difficult>0</difficult>
		<bndbox>
			<xmin>72</xmin>
			<ymin>4</ymin>
			<xmax>195</xmax>
			<ymax>70</ymax>
		</bndbox>
	</object>
	<object>
		<name>plum</name>
		<pose>Unspecified</pose>
		<truncated>0</truncated>
		<difficult>0</difficult>
		<bndbox>
			<xmin>106</xmin>
			<ymin>63</ymin>
			<xmax>229</xmax>
			<ymax>152</ymax>
		</bndbox>
	</object>
	<object>
		<name>plum</name>
		<pose>Unspecified</pose>
		<truncated>1</truncated>
		<difficult>0</difficult>
		<bndbox>
			<xmin>222</xmin>
			<ymin>31</ymin>
			<xmax>270</xmax>
			<ymax>106</ymax>
		</bndbox>
	</object>
</annotation>
