<annotation>
	<folder>train</folder>
	<filename>Carambola (73).jpg</filename>
	<path>D:\Todesk\苹果\data\train\Carambola (73).jpg</path>
	<source>
		<database>Unknown</database>
	</source>
	<size>
		<width>270</width>
		<height>180</height>
		<depth>3</depth>
	</size>
	<segmented>0</segmented>
	<object>
		<name>plum</name>
		<pose>Unspecified</pose>
		<truncated>0</truncated>
		<difficult>0</difficult>
		<bndbox>
			<xmin>64</xmin>
			<ymin>37</ymin>
			<xmax>132</xmax>
			<ymax>124</ymax>
		</bndbox>
	</object>
	<object>
		<name>plum</name>
		<pose>Unspecified</pose>
		<truncated>0</truncated>
		<difficult>0</difficult>
		<bndbox>
			<xmin>136</xmin>
			<ymin>38</ymin>
			<xmax>233</xmax>
			<ymax>97</ymax>
		</bndbox>
	</object>
	<object>
		<name>plum</name>
		<pose>Unspecified</pose>
		<truncated>0</truncated>
		<difficult>0</difficult>
		<bndbox>
			<xmin>150</xmin>
			<ymin>88</ymin>
			<xmax>258</xmax>
			<ymax>151</ymax>
		</bndbox>
	</object>
</annotation>
