<annotation>
	<folder>train</folder>
	<filename>Carambola (92).jpg</filename>
	<path>D:\Todesk\苹果\data\train\Carambola (92).jpg</path>
	<source>
		<database>Unknown</database>
	</source>
	<size>
		<width>270</width>
		<height>180</height>
		<depth>3</depth>
	</size>
	<segmented>0</segmented>
	<object>
		<name>plum</name>
		<pose>Unspecified</pose>
		<truncated>0</truncated>
		<difficult>0</difficult>
		<bndbox>
			<xmin>65</xmin>
			<ymin>39</ymin>
			<xmax>131</xmax>
			<ymax>131</ymax>
		</bndbox>
	</object>
	<object>
		<name>plum</name>
		<pose>Unspecified</pose>
		<truncated>0</truncated>
		<difficult>0</difficult>
		<bndbox>
			<xmin>115</xmin>
			<ymin>66</ymin>
			<xmax>185</xmax>
			<ymax>160</ymax>
		</bndbox>
	</object>
	<object>
		<name>plum</name>
		<pose>Unspecified</pose>
		<truncated>0</truncated>
		<difficult>0</difficult>
		<bndbox>
			<xmin>116</xmin>
			<ymin>25</ymin>
			<xmax>212</xmax>
			<ymax>106</ymax>
		</bndbox>
	</object>
</annotation>
