<annotation>
	<folder>train</folder>
	<filename>Carambola (50).jpg</filename>
	<path>D:\Todesk\苹果\data\train\Carambola (50).jpg</path>
	<source>
		<database>Unknown</database>
	</source>
	<size>
		<width>270</width>
		<height>180</height>
		<depth>3</depth>
	</size>
	<segmented>0</segmented>
	<object>
		<name>plum</name>
		<pose>Unspecified</pose>
		<truncated>0</truncated>
		<difficult>0</difficult>
		<bndbox>
			<xmin>49</xmin>
			<ymin>14</ymin>
			<xmax>127</xmax>
			<ymax>97</ymax>
		</bndbox>
	</object>
	<object>
		<name>plum</name>
		<pose>Unspecified</pose>
		<truncated>0</truncated>
		<difficult>0</difficult>
		<bndbox>
			<xmin>92</xmin>
			<ymin>37</ymin>
			<xmax>157</xmax>
			<ymax>133</ymax>
		</bndbox>
	</object>
	<object>
		<name>plum</name>
		<pose>Unspecified</pose>
		<truncated>0</truncated>
		<difficult>0</difficult>
		<bndbox>
			<xmin>152</xmin>
			<ymin>42</ymin>
			<xmax>219</xmax>
			<ymax>135</ymax>
		</bndbox>
	</object>
</annotation>
