<annotation>
	<folder>train</folder>
	<filename>Carambola (69).jpg</filename>
	<path>D:\Todesk\苹果\data\train\Carambola (69).jpg</path>
	<source>
		<database>Unknown</database>
	</source>
	<size>
		<width>270</width>
		<height>180</height>
		<depth>3</depth>
	</size>
	<segmented>0</segmented>
	<object>
		<name>plum</name>
		<pose>Unspecified</pose>
		<truncated>0</truncated>
		<difficult>0</difficult>
		<bndbox>
			<xmin>45</xmin>
			<ymin>21</ymin>
			<xmax>117</xmax>
			<ymax>112</ymax>
		</bndbox>
	</object>
	<object>
		<name>plum</name>
		<pose>Unspecified</pose>
		<truncated>0</truncated>
		<difficult>0</difficult>
		<bndbox>
			<xmin>137</xmin>
			<ymin>38</ymin>
			<xmax>233</xmax>
			<ymax>97</ymax>
		</bndbox>
	</object>
	<object>
		<name>plum</name>
		<pose>Unspecified</pose>
		<truncated>0</truncated>
		<difficult>0</difficult>
		<bndbox>
			<xmin>140</xmin>
			<ymin>97</ymin>
			<xmax>246</xmax>
			<ymax>161</ymax>
		</bndbox>
	</object>
</annotation>
