<annotation>
	<folder>train</folder>
	<filename>Carambola (17).jpg</filename>
	<path>D:\Todesk\苹果\data\train\Carambola (17).jpg</path>
	<source>
		<database>Unknown</database>
	</source>
	<size>
		<width>270</width>
		<height>180</height>
		<depth>3</depth>
	</size>
	<segmented>0</segmented>
	<object>
		<name>plum</name>
		<pose>Unspecified</pose>
		<truncated>0</truncated>
		<difficult>0</difficult>
		<bndbox>
			<xmin>100</xmin>
			<ymin>10</ymin>
			<xmax>190</xmax>
			<ymax>64</ymax>
		</bndbox>
	</object>
	<object>
		<name>plum</name>
		<pose>Unspecified</pose>
		<truncated>0</truncated>
		<difficult>0</difficult>
		<bndbox>
			<xmin>111</xmin>
			<ymin>73</ymin>
			<xmax>183</xmax>
			<ymax>136</ymax>
		</bndbox>
	</object>
	<object>
		<name>plum</name>
		<pose>Unspecified</pose>
		<truncated>0</truncated>
		<difficult>0</difficult>
		<bndbox>
			<xmin>189</xmin>
			<ymin>64</ymin>
			<xmax>254</xmax>
			<ymax>151</ymax>
		</bndbox>
	</object>
</annotation>
