<annotation>
	<folder>train</folder>
	<filename>Carambola (40).jpg</filename>
	<path>D:\Todesk\苹果\data\train\Carambola (40).jpg</path>
	<source>
		<database>Unknown</database>
	</source>
	<size>
		<width>270</width>
		<height>180</height>
		<depth>3</depth>
	</size>
	<segmented>0</segmented>
	<object>
		<name>plum</name>
		<pose>Unspecified</pose>
		<truncated>0</truncated>
		<difficult>0</difficult>
		<bndbox>
			<xmin>70</xmin>
			<ymin>57</ymin>
			<xmax>144</xmax>
			<ymax>122</ymax>
		</bndbox>
	</object>
	<object>
		<name>plum</name>
		<pose>Unspecified</pose>
		<truncated>0</truncated>
		<difficult>0</difficult>
		<bndbox>
			<xmin>145</xmin>
			<ymin>58</ymin>
			<xmax>213</xmax>
			<ymax>119</ymax>
		</bndbox>
	</object>
	<object>
		<name>plum</name>
		<pose>Unspecified</pose>
		<truncated>0</truncated>
		<difficult>0</difficult>
		<bndbox>
			<xmin>117</xmin>
			<ymin>111</ymin>
			<xmax>193</xmax>
			<ymax>179</ymax>
		</bndbox>
	</object>
</annotation>
