<annotation>
	<folder>train</folder>
	<filename>Carambola (6).jpg</filename>
	<path>D:\Todesk\苹果\data\train\Carambola (6).jpg</path>
	<source>
		<database>Unknown</database>
	</source>
	<size>
		<width>270</width>
		<height>180</height>
		<depth>3</depth>
	</size>
	<segmented>0</segmented>
	<object>
		<name>plum</name>
		<pose>Unspecified</pose>
		<truncated>0</truncated>
		<difficult>0</difficult>
		<bndbox>
			<xmin>40</xmin>
			<ymin>51</ymin>
			<xmax>118</xmax>
			<ymax>142</ymax>
		</bndbox>
	</object>
	<object>
		<name>plum</name>
		<pose>Unspecified</pose>
		<truncated>0</truncated>
		<difficult>0</difficult>
		<bndbox>
			<xmin>116</xmin>
			<ymin>22</ymin>
			<xmax>193</xmax>
			<ymax>106</ymax>
		</bndbox>
	</object>
	<object>
		<name>plum</name>
		<pose>Unspecified</pose>
		<truncated>1</truncated>
		<difficult>0</difficult>
		<bndbox>
			<xmin>174</xmin>
			<ymin>82</ymin>
			<xmax>270</xmax>
			<ymax>151</ymax>
		</bndbox>
	</object>
</annotation>
