<annotation>
	<folder>train</folder>
	<filename>Carambola (3).jpg</filename>
	<path>D:\Todesk\苹果\data\train\Carambola (3).jpg</path>
	<source>
		<database>Unknown</database>
	</source>
	<size>
		<width>270</width>
		<height>180</height>
		<depth>3</depth>
	</size>
	<segmented>0</segmented>
	<object>
		<name>plum</name>
		<pose>Unspecified</pose>
		<truncated>0</truncated>
		<difficult>0</difficult>
		<bndbox>
			<xmin>39</xmin>
			<ymin>54</ymin>
			<xmax>120</xmax>
			<ymax>143</ymax>
		</bndbox>
	</object>
	<object>
		<name>plum</name>
		<pose>Unspecified</pose>
		<truncated>0</truncated>
		<difficult>0</difficult>
		<bndbox>
			<xmin>126</xmin>
			<ymin>37</ymin>
			<xmax>203</xmax>
			<ymax>110</ymax>
		</bndbox>
	</object>
	<object>
		<name>plum</name>
		<pose>Unspecified</pose>
		<truncated>1</truncated>
		<difficult>0</difficult>
		<bndbox>
			<xmin>183</xmin>
			<ymin>82</ymin>
			<xmax>270</xmax>
			<ymax>153</ymax>
		</bndbox>
	</object>
</annotation>
