<annotation>
	<folder>train</folder>
	<filename>Carambola (55).jpg</filename>
	<path>D:\Todesk\苹果\data\train\Carambola (55).jpg</path>
	<source>
		<database>Unknown</database>
	</source>
	<size>
		<width>270</width>
		<height>180</height>
		<depth>3</depth>
	</size>
	<segmented>0</segmented>
	<object>
		<name>plum</name>
		<pose>Unspecified</pose>
		<truncated>0</truncated>
		<difficult>0</difficult>
		<bndbox>
			<xmin>52</xmin>
			<ymin>14</ymin>
			<xmax>129</xmax>
			<ymax>90</ymax>
		</bndbox>
	</object>
	<object>
		<name>plum</name>
		<pose>Unspecified</pose>
		<truncated>0</truncated>
		<difficult>0</difficult>
		<bndbox>
			<xmin>113</xmin>
			<ymin>31</ymin>
			<xmax>170</xmax>
			<ymax>118</ymax>
		</bndbox>
	</object>
	<object>
		<name>plum</name>
		<pose>Unspecified</pose>
		<truncated>0</truncated>
		<difficult>0</difficult>
		<bndbox>
			<xmin>144</xmin>
			<ymin>64</ymin>
			<xmax>228</xmax>
			<ymax>129</ymax>
		</bndbox>
	</object>
</annotation>
