<annotation>
	<folder>train</folder>
	<filename>Carambola (28).jpg</filename>
	<path>D:\Todesk\苹果\data\train\Carambola (28).jpg</path>
	<source>
		<database>Unknown</database>
	</source>
	<size>
		<width>270</width>
		<height>180</height>
		<depth>3</depth>
	</size>
	<segmented>0</segmented>
	<object>
		<name>plum</name>
		<pose>Unspecified</pose>
		<truncated>0</truncated>
		<difficult>0</difficult>
		<bndbox>
			<xmin>138</xmin>
			<ymin>13</ymin>
			<xmax>204</xmax>
			<ymax>46</ymax>
		</bndbox>
	</object>
	<object>
		<name>plum</name>
		<pose>Unspecified</pose>
		<truncated>0</truncated>
		<difficult>0</difficult>
		<bndbox>
			<xmin>131</xmin>
			<ymin>40</ymin>
			<xmax>198</xmax>
			<ymax>104</ymax>
		</bndbox>
	</object>
	<object>
		<name>plum</name>
		<pose>Unspecified</pose>
		<truncated>1</truncated>
		<difficult>0</difficult>
		<bndbox>
			<xmin>111</xmin>
			<ymin>101</ymin>
			<xmax>193</xmax>
			<ymax>180</ymax>
		</bndbox>
	</object>
</annotation>
