<annotation>
	<folder>train</folder>
	<filename>Carambola (47).jpg</filename>
	<path>D:\Todesk\苹果\data\train\Carambola (47).jpg</path>
	<source>
		<database>Unknown</database>
	</source>
	<size>
		<width>270</width>
		<height>180</height>
		<depth>3</depth>
	</size>
	<segmented>0</segmented>
	<object>
		<name>plum</name>
		<pose>Unspecified</pose>
		<truncated>0</truncated>
		<difficult>0</difficult>
		<bndbox>
			<xmin>50</xmin>
			<ymin>16</ymin>
			<xmax>129</xmax>
			<ymax>91</ymax>
		</bndbox>
	</object>
	<object>
		<name>plum</name>
		<pose>Unspecified</pose>
		<truncated>0</truncated>
		<difficult>0</difficult>
		<bndbox>
			<xmin>100</xmin>
			<ymin>49</ymin>
			<xmax>169</xmax>
			<ymax>119</ymax>
		</bndbox>
	</object>
	<object>
		<name>plum</name>
		<pose>Unspecified</pose>
		<truncated>0</truncated>
		<difficult>0</difficult>
		<bndbox>
			<xmin>140</xmin>
			<ymin>75</ymin>
			<xmax>246</xmax>
			<ymax>151</ymax>
		</bndbox>
	</object>
</annotation>
