<annotation>
	<folder>train</folder>
	<filename>Carambola (45).jpg</filename>
	<path>D:\Todesk\苹果\data\train\Carambola (45).jpg</path>
	<source>
		<database>Unknown</database>
	</source>
	<size>
		<width>270</width>
		<height>180</height>
		<depth>3</depth>
	</size>
	<segmented>0</segmented>
	<object>
		<name>plum</name>
		<pose>Unspecified</pose>
		<truncated>0</truncated>
		<difficult>0</difficult>
		<bndbox>
			<xmin>54</xmin>
			<ymin>16</ymin>
			<xmax>121</xmax>
			<ymax>91</ymax>
		</bndbox>
	</object>
	<object>
		<name>plum</name>
		<pose>Unspecified</pose>
		<truncated>0</truncated>
		<difficult>0</difficult>
		<bndbox>
			<xmin>94</xmin>
			<ymin>34</ymin>
			<xmax>162</xmax>
			<ymax>110</ymax>
		</bndbox>
	</object>
	<object>
		<name>plum</name>
		<pose>Unspecified</pose>
		<truncated>1</truncated>
		<difficult>0</difficult>
		<bndbox>
			<xmin>114</xmin>
			<ymin>100</ymin>
			<xmax>192</xmax>
			<ymax>180</ymax>
		</bndbox>
	</object>
</annotation>
