<annotation>
	<folder>train</folder>
	<filename>Carambola (94).jpg</filename>
	<path>D:\Todesk\苹果\data\train\Carambola (94).jpg</path>
	<source>
		<database>Unknown</database>
	</source>
	<size>
		<width>270</width>
		<height>180</height>
		<depth>3</depth>
	</size>
	<segmented>0</segmented>
	<object>
		<name>plum</name>
		<pose>Unspecified</pose>
		<truncated>0</truncated>
		<difficult>0</difficult>
		<bndbox>
			<xmin>62</xmin>
			<ymin>35</ymin>
			<xmax>121</xmax>
			<ymax>129</ymax>
		</bndbox>
	</object>
	<object>
		<name>plum</name>
		<pose>Unspecified</pose>
		<truncated>0</truncated>
		<difficult>0</difficult>
		<bndbox>
			<xmin>114</xmin>
			<ymin>62</ymin>
			<xmax>192</xmax>
			<ymax>166</ymax>
		</bndbox>
	</object>
	<object>
		<name>plum</name>
		<pose>Unspecified</pose>
		<truncated>0</truncated>
		<difficult>0</difficult>
		<bndbox>
			<xmin>112</xmin>
			<ymin>22</ymin>
			<xmax>216</xmax>
			<ymax>100</ymax>
		</bndbox>
	</object>
</annotation>
